Name,City,Phone Number,Google Star Rating,Website
Xu's Public House 徐公館,New York,(212) 901-9971,4.2,https://www.xupublic.com/
Ribalta,Lisboa,933 221 019,4.1,
Gotham Restaurant,New York,(212) 380-8660,4.5,http://gotham.restaurant/
CICCIO Bar & Alimentari,New York,(646) 476-9498,4.6,http://www.ciccionyc.com/
Leon's Bagels,New York,(917) 388-3372,4.3,http://www.leonsbagels.com/
Oven Lisboa,Lisboa,21 827 3826,4.8,http://www.ovenlisboa.com/
Le Bernardin Privé,New York,(212) 554-1119,4.3,http://www.le-bernardinprive.com/
Moy Charcutaria&Garrafeira,Lisboa,21 346 7011,4.6,
BACARO,Lisboa,,4.7,
Izcalli Antojeria,Lisboa,,4.7,http://www.izcalli.pt/
MISTU,Porto,926 682 620,4.7,http://mistu.pt/
Le Refuge de Solaise,Val-d'Isère,04 58 83 00 90,4.4,https://lerefuge-valdisere.com/?utm_source=Yext&utm_medium=GMB&y_source=1_MjU3NjI1MzQtNzE1LWxvY2F0aW9uLndlYnNpdGU%3D
Arctic Juice & Cafe,Lyon,07 66 36 28 81,4.2,https://arcticjuicecafe.com/
Restaurant La Petite Lulu,Tignes,04 79 55 62 25,4.7,https://petitelulu-tignes.com/
Al Garage,Lisboa,21 191 9176,4.4,
Cantinho do Avillez - Cascais,Cascais,21 138 9666,4.4,https://www.cantinhodoavillez.pt/
Fortaleza do Guincho,Cascais,21 487 0491,4.7,http://www.fortalezadoguincho.com/
La Vita è Bella,Lisboa,21 346 0253,4,http://fullest.pt/restaurantes/la-vita-e-bella/
Cinnamon Club,,020 7222 2555,4.3,https://cinnamonclub.com/
Mona Verde Lisboa,Lisboa,914 023 304,4.7,http://www.monaexperience.com/
Sant' Eustachio Il Caffè,Roma,06 6880 2048,4.2,https://caffesanteustachio.com/
All’Antico Vinaio,Firenze,,4.6,https://www.allanticovinaio.com/
CH Otello Rooms I - Madrid,Madrid,910 05 41 72,3.7,
L'Astore Masseria,Cutrofiano,393 229 0830,4.7,http://www.lastoremasseria.it/
Maison,Lisboa,,,
Parcelles,Paris,01 43 37 91 64,4.6,https://www.parcelles-paris.fr/
Ristorante Grottino,Vila Nova de Gaia,22 374 5000,4.6,https://www.tripadvisor.pt/Restaurant_Review-g580268-d7772673-Reviews-Ristorante_Grottino-Vila_Nova_de_Gaia_Porto_District_Northern_Portugal.html
Martinucci Laboratory,Lecce,0832 309535,4.3,http://www.martinuccilaboratory.it/
Masseria Il Frantoio,,0831 330276,4.8,https://www.masseriailfrantoio.it/?utm_source=gbp&utm_medium=organic
Gelateria La Romana,Lisboa,21 593 0975,4.8,https://www.gelateriaromana.com/82-gelateria-lisboa.php
Nannarella,Lisboa,926 878 553,4.8,http://nannarella.pt/
Elle Effe Restaurant,Roma,06 4566 7792,4.5,https://elleeffe-restaurant.eatbu.com/
Borgo Antico Bistrot,Ostuni,0831 336475,4.4,
Osteria da Fortunata,Roma,06 6066 7391,4,https://www.osteriadafortunata.it/
Pizzeria Romana BIO,Lisboa,21 886 0055,4.6,https://www.romanapizza.it/
Osteria Del Tempo Perso,Ostuni,0831 304819,4.2,http://www.osteriadeltempoperso.com/
Osteria Ricanatti,Ostuni,0831 156 1831,4.7,
Nomade Ostuni,Pilone,347 457 0894,4,http://www.nomadeostuni.it/
Restaurante A Gina,Lisboa,21 342 0296,4.2,https://www.facebook.com/restauranteagina
Gustapizza,Firenze,055 285068,4.5,https://m.facebook.com/GustapizzaFirenze/
Ostro San Frediano,Firenze,055 281400,5,https://www.instagram.com/ostrosanfrediano/
Ristorante Pensavo Peggio,Firenze,055 230 2987,4.6,
Langosteria Café Milano,Milano,02 7601 8167,4.6,http://langosteria.com/
Garrafeira Estado d'Alma,Lisboa,21 410 5162,4.8,http://www.garrafeiraestadodalma.pt/
Delta The Coffee House Avenida da Liberdade,Lisboa,21 342 7351,4.3,
Enoteca LX,Lisboa,913 962 868,4.6,https://enotecalx.com/
Tannico Wine Bar,Milano,02 0994 6657,4.3,http://www.tannicowinebar.it/
Trattoria San Giacomo,Bellagio,031 950329,4.4,http://www.trattoriabellagio.it/
La Lanterna Bellagio,Bellagio,031 951786,4.3,http://www.lalanternabellagio.com/
B-Lake Restaurant Bellagio,Bellagio,031 736008,4.4,http://www.blakerestaurant.com/
Dispensa 63,Bellagio,334 941 1539,4.9,https://dispensa63bellagio.com/
charcuterie française chez Fred,Lisboa,21 820 4468,4.7,
RED NOSE / natural wine bar & merceria,Lisboa,923 083 635,4.9,https://www.instagram.com/rednoselisbon/
Winelivery PoP,Milano,02 3858 3592,4.9,https://www.winelivery.com/it/
Rivoire,Firenze,055 214412,3.7,https://rivoire.it/
Il Santino,Firenze,055 230 2820,4.5,http://ilsantobevitore.com/pdf/santo_subito.pdf
Trattoria dall'Oste Chianineria,Firenze,055 213142,4.6,https://trattoriadalloste.com/
Buchetta del vino,Firenze,,4.5,
Ristorante Le Muse Milano,Milano,02 2222 8734,4.5,https://ristorantelemuse.com/
Ristorante Le Regioni,Milano,02 668 6525,4.4,https://m.facebook.com/Ristorante-Le-Regioni-578550282238233
Bosco Verticale Restaurant,Milano,02 688 0836,4.6,
Trattoria de la Trebia Milano,Milano,02 551 3380,4.5,http://www.trattorialatrebia.it/
Da Tuccino,Polignano a Mare,080 424 1560,4.4,http://www.tuccino.it/
La Locanda Porta Picc,Polignano a Mare,388 194 5973,4.6,https://www.ristorantelalocandaportapicc.it/
Terrazze Monachile,Polignano a Mare,080 426 5565,4.3,https://www.terrazzemonachile.com/
Il Gattopardo,Lisboa,21 389 6622,4.5,https://www.dompedrolisboa.com/il-gattopardo
Da Giacomo,Milano,02 7602 3313,4.3,https://giacomomilano.com/it/i-luoghi/ristoranti/da-giacomo-milano
N'Ombra de Vin,Milano,02 659 9650,4,https://www.nombradevin.it/
Pastry Confectionery Massimo 1970,Milano,02 5832 1188,3.7,
Osteria del Corso,Milano,02 659 7441,4.4,http://www.osteriadelcorso.com/
DVCA,Milano,02 3674 6050,4.7,http://www.dvca.it/
Terrazza 241,Como,031 338 2688,4.4,https://www.terrazza241.it/
Blue Restaurant & Bar,Lisboa,21 040 5400,4.5,http://www.thevintagelisbon.com/
Syra Coffee - Atocha,Madrid,666 72 07 43,4.9,http://www.syra.coffee/
Golden Poppy,Paris,01 55 07 85 10,4.3,https://goldenpoppy.com/
Espaço 20 Lounge Coffee & Food,Costa da Caparica,21 290 0087,3.8,https://www.facebook.com/espaco20bar/
Irmão,Costa da Caparica,21 060 5992,4.3,https://www.praia-irmao.com/
Pomme Eatery,Lisboa,935 710 032,4.7,https://letsumai.com/widget/pomme-eatery
Âmago,Lisboa,913 701 177,5,https://www.instagram.com/amago.restaurante/
Pepe Nero,Marrakech,05243-89067,4.7,http://www.pepenero-marrakech.com/
La terrasse des épices - Restaurant Marrakech,Marrakech,05243-75904,4.3,https://www.terrassedesepices.com/
المقهى الكبير للبريد,Marrakech,05244-33038,4.2,http://www.grandcafedelaposte.restaurant/
Hotel La Maison Arabe,Marrakesh,05243-87010,4.6,http://www.lamaisonarabe.com/
Al Fassia Guéliz,Marrakech,05244-34060,4.3,http://www.alfassia.com/
Amal Hope Hotel,Marrakech - Médina,05244-45043,3.9,https://hotel-el-amal.business.site/?utm_source=gmb&utm_medium=referral
Nomad Residences,Lisboa,967 801 009,,http://nomad-bay.com/
Mandala Society,Marrakesh,05243-81920,4.7,http://mandalasociety.co/
مطعم الميدة,Marrakech,05244-43662,4.5,http://lmidamarrakech.com/
Toro Toro Marrakech,Marrakech,0662-680394,4.7,http://www.torotoromarrakesh.com/
Sahbi Sahbi,Marrakech,0662-682312,4,http://sahbisahbi.com/
Osteria del Treno,Milano,02 670 0479,4.2,https://www.osteriadeltreno.it/
Via Graça,Lisboa,21 887 0830,4.4,http://www.vgraca.pt/
Boavista Social Club,Lisboa,,4.2,https://instagram.com/boavista.socialclub?igshid=YmMyMTA2M2Y=
Ponto Final,Almada,21 276 0743,4.4,https://www.facebook.com/pontofinalalmada/
ZEB,Brugge,050 82 07 23,4.3,https://www.zeb.be/?utm_source=google&utm_medium=organic&utm_campaign=mijn_bedrijf
Vini E Vecchi Sapori,Firenze,055 293045,4.6,
Flavio al Velavevodetto,Roma,06 574 4194,4.2,https://www.ristorantevelavevodetto.it/prenota-testaccio.html
XS Lounge Beach Bar,Costa da Caparica,21 291 2459,4.6,https://www.tripadvisor.pt/Restaurant_Review-g656856-d4170502-Reviews-XS_lounge-Costa_da_Caparica_Setubal_District_Alentejo.html
Selma assiste,São Domingos de Rana,21 444 7731,4.7,http://www.selmaassiste.com/
Barabba,København,33 10 10 40,4.3,http://www.barabba.dk/
Ved Stranden 10,København,35 42 40 40,4.5,http://www.vedstranden10.dk/
Chiostro del Bramante,Roma,06 6880 9035,4.6,http://www.chiostrodelbramante.it/
Matto Matto Pizzeria Grill Ristorante,Firenze,055 269 3813,4.5,https://www.mattomatto.it/
Babae,Firenze,055 614 4429,4.5,http://www.babaefirenze.it/
Il Vezzo,Firenze,055 281096,4.8,https://www.ilvezzofirenze.it/
Trattoria Zà Zà,Firenze,055 215411,4.5,http://www.trattoriazaza.it/
Buca Poldo,Firenze,055 239 6578,4.6,http://www.bucapoldo.com/
La Loggia del Piazzale Michelangelo,Firenze,055 234 2832,4.2,https://ristorantelaloggia.it/
SALSA&LOURO,São Miguel de Alcainça,,4.6,https://salsalouro.webnode.pt/
Le comptoir,Lisboa,,,
AOC Metalomecânica,Santa Eufémia,244 849 090,4.5,http://www.grupoaoc.com/
Majordomo,Los Angeles,(323) 545-4880,4.7,http://www.majordomo.la/
Sqirl,Los Angeles,(323) 284-8147,4.4,https://sqirlla.com/
Petit Trois,Los Angeles,(323) 468-8916,4.4,http://www.petittrois.com/
Osteria Mozza,Los Angeles,(323) 297-0100,4.4,http://www.osteriamozza.com/
Felix Trattoria,Los Angeles,(424) 387-8622,4.5,http://felixla.com/
Lastage,Amsterdam,020 737 0811,4.5,http://www.restaurantlastage.nl/
THE DUCHESS,Amsterdam,020 811 3322,4.3,https://the-duchess.com/
Foodhallen,Amsterdam,,4.5,http://www.foodhallen.nl/
Ciel Bleu,Amsterdam,020 678 7450,4.7,https://www.cielbleu.nl/
White Room,Le Kremlin-Bicêtre,01 77 01 09 84,4.4,http://whiteroomchicha.eatbu.com/
Restaurant Vermeer,Amsterdam,020 556 4885,4.6,https://restaurantvermeer.nl/
Breda,Breda,,,http://www.breda.nl/
Mammy Choux Confeitisserie,Seixal,21 222 3627,4.4,http://www.mammychoux.pt/
Restaurant Daalder*,Amsterdam,020 624 8864,4.4,http://www.daalderamsterdam.nl/
Taveggia 1909,Milano,02 5003 3040,4.2,http://www.gamberini.eu/
Cafetaria Picasso,Lisboa,21 355 6625,4.1,
La Vecchia Lira,Milano,02 659 9136,4.3,http://www.osteriavecchialira.it/
Trattoria La Pesa dal 1902,Milano,02 3651 4525,4.3,http://www.trattorialapesa1902.it/
La Libera,Milano,02 805 3603,4.3,https://lalibera.it/
Giannino dal 1899,Milano,02 3651 9520,4.3,http://www.gianninoristorante.it/
Il Luogo di Aimo e Nadia,Milano,02 416886,4.5,https://www.illuogoaimoenadia.com/
Hugos Manly,Manly,(02) 8116 8555,4.4,http://www.hugos.com.au/
Panda Cantina,Lisboa,,4.5,
Café sydney,Vila Nova de Famalicão,913 423 762,4.5,
A Tavola Darlinghurst,Darlinghurst,(02) 9331 7871,4.5,http://www.atavola.com.au/darlinghurst
Firedoor Restaurant,Surry Hills,(02) 8204 0800,4.2,https://www.firedoor.com.au/
Restaurant Hubert,Sydney,(02) 9232 0881,4.6,https://www.swillhouse.com/venues/restaurant-hubert
Chiswick Woollahra,Woollahra,(02) 8388 8688,4.5,https://www.chiswickwoollahra.com.au/?utm_source=google&utm_medium=organic&utm_campaign=gbp&utm_content=Chiswick_Woollahra&utm_term=plcid_9642775095776039722
Spice Temple,Ennis,(065) 686 6796,4.4,https://spice-temple-indian-restaurant.business.site/?utm_source=gmb&utm_medium=referral
North Bondi Fish,North Bondi,(02) 9130 2155,4,https://www.northbondifish.com.au/?utm_source=google&utm_medium=organic&utm_campaign=gbp&utm_content=North_Bondi_Fish&utm_term=plcid_2446569835991579604
Real Dead Ringer - The Meat Loaf Show,,07793 541811,,https://www.realdeadringer.uk/
NOMAD Sydney,Surry Hills,(02) 9280 3395,4.6,https://nomad.sydney/
"Chin 2000, Lda.",Lisboa,21 316 2823,,https://www.racius.com/chin-2000-lda/
Icebergs Dining Room and Bar,Bondi Beach,(02) 9365 9000,4.2,http://www.idrb.com/
Continental,Lisboa,,2.8,
Sixpenny Handley,Sixpenny Handley,,,
Mr Wong,,(21) 2557-3354,4.3,http://www.mrwong.com.br/
St. Peter's School,Palmela,21 233 6990,4,http://www.st-peters-school.com/
Tasco da Ester,Barreiro,,4.6,
Aria Restaurant Sydney,Sydney,(02) 9240 2255,4.5,https://www.ariasydney.com.au/?utm_source=google&utm_medium=organic&utm_campaign=gbp&utm_content=Aria_Restaurant_Sydney&utm_term=plcid_18420151015366914459
La Trattoria,Lisboa,21 385 3043,4.3,http://www.latrattoria.pt/
Kabuki Lisboa,Lisboa,21 249 1683,4.5,https://www.kabukilisboa.pt/
Il Caminetto Restaurant,Roma,06 808 3946,4,http://www.caminettoroma.it/
Cinnamon Bear Bar & Grille,Whistler,(604) 966-5057,4,https://www.hilton.com/en/hotels/ywsvrhf-hilton-whistler-resort-and-spa/dining/?SEO_id=GMB--R-YWSVRHF&y_source=1_MjY1ODk0NTUtNzE1LWxvY2F0aW9uLndlYnNpdGU%3D
21 Steps Kitchen + Bar,Whistler,(604) 966-2121,4.4,http://www.21steps.ca/
Restaurante Bota Alta,Lisboa,21 342 7959,4.3,https://www.tripadvisor.pt/Restaurant_Review-g189158-d697220-Reviews-Bota_Alta-Lisbon_Lisbon_District_Central_Portugal.html
Ventiquattro 24,Lisboa,21 301 1100,4.5,
Araxi Restaurant & Oyster Bar,Whistler,(604) 932-4540,4.5,http://www.araxi.com/
Bearfoot Bistro,Whistler,(604) 932-3433,4.5,http://www.bearfootbistro.com/
Vij's,Vancouver,(604) 736-6664,4.4,https://vijs.ca/vijs-restaurant/
Chancho Tortilleria,Vancouver,(604) 336-9219,4.6,http://www.chancho.ca/
Fat Mao Noodles (Thai Soup Noodles)-Chinatown,Vancouver,(604) 569-8192,4.5,http://www.fatmaonoodles.com/
Boa-Bao,Lisboa,919 023 030,4.4,https://www.boabao.pt/
Kevin & Kevin Juice Bar & Cocktail Lounge,Vancouver,(604) 558-4305,4.1,
The Mackenzie Room,Vancouver,(604) 253-0705,4.6,http://www.themackenzieroom.com/
Hawksworth Restaurant,Vancouver,(604) 673-7000,4.4,https://hawksworthrestaurant.com/
Joe Fortes Seafood & Chop House,Vancouver,(604) 669-1940,4.5,http://www.joefortes.ca/
Earls Kitchen + Bar,McLean,(703) 847-1870,4.2,https://www.earls.ca/locations/tysons-corner
Orteá,Lisboa,936 217 616,4.6,http://letsumai.com/widget/ortea-vegan-collective-lisboa
EL&N Gae Aulenti,Milano,02 4507 6118,4.1,https://it.elnlondon.com/
La Gioia,Milano,388 883 9951,4.4,http://www.lagioiasanmarco.com/
Terrazza Aperol,Milano,,3.8,https://www.ilmercatodelduomo.it/
Marchesi 1824,Milano,02 9418 1710,4.3,https://www.pasticceriamarchesi.com/eu/it.html
Giacomo Arengario,Milano,02 7209 3814,4.1,https://giacomomilano.com/location/arengario/
La Bottega di Gio,Lisboa,934 632 139,4.7,https://www.facebook.com/labottegadigiolisboa/
Carmo Wood,Lisboa,21 313 2200,3.6,http://www.carmo.com/
Catch me Lisboa,Lisboa,21 396 3668,4.3,http://www.catch-me.pt/
Cobaia,Lisboa,938 971 562,4.7,
Chambar Restaurant,Vancouver,(604) 879-7119,4.5,http://www.chambar.com/
Pabe,Lisboa,21 353 5675,4.6,http://www.pabe.pt/
El Papalote,Madrid,912 37 40 05,4.9,http://www.elpapaloteplata.com/
Beretta ® Assistência Oficial,Corroios,21 145 1065,,https://beretta.pt/
Trick Dog,San Francisco,(415) 471-2999,4.5,https://www.trickdogbar.com/
Café Santiago,Lisboa,,4.4,
Dandelion Chocolate 16th Street Factory,San Francisco,(415) 349-0942,4.8,https://store.dandelionchocolate.com/pages/home
Salt & Straw,Seattle,(206) 294-5581,4.7,https://www.saltandstraw.com/
Trestle Restaurant,San Francisco,(415) 772-0922,4.6,http://trestlesf.com/
Cotogna,San Francisco,(415) 775-8508,4.6,http://cotognasf.com/
Estrada Serafina,Lisboa,,,
Amelie San Francisco,San Francisco,(415) 292-6916,4.5,https://www.sfamelie.com/
Funky Chunky Cookies,Lisboa,21 386 0671,4.6,https://www.funkychunkycookies.com/
Bowl'sta Healthy Bowls,Lisboa,,,
La nouvelle Cocotte,Málaga,952 22 70 00,4,https://www.facebook.com/restaurantelacocotte/
Chouquet's,Épône,06 60 03 74 19,4.9,https://chouquets.kalendes.com/
Wrecking Ball Coffee Roasters,San Francisco,(415) 638-9227,4.4,http://www.wreckingballcoffee.com/
Brixton Barber Shop,Barreiro,938 811 347,5,http://www.instagram.com/brixton.barber.shop
The Blue Barn Ltd,Pool in Wharfedale,0113 284 3121,4.6,http://www.thebluebarn.co.uk/
State Bird Provisions,San Francisco,(415) 795-1272,4.6,http://www.statebirdsf.com/
WIP - Work in Progress Personal Training,Lisboa,926 494 742,4.9,https://www.instagram.com/wip.fitness1/?hl=pt
Che Fico,San Francisco,(415) 416-6959,4.3,https://www.chefico.com/
Caffe Reggio,New York,(212) 475-9557,4.3,https://www.caffereggio.com/
Bread Story,New York,(347) 633-3780,4.7,http://www.bread-story.com/
Punjabi Deli,New York,(212) 533-3356,4.7,https://www.facebook.com/PunjabiGroceryDeli/
Champion Pizza,Lisboa,920 049 586,4.7,
Dr. Wine,Lisboa,21 094 1548,3.8,
Virginia's,New York,(646) 952-0032,4.5,http://www.virginiasnyc.com/
Rosie's Hair and Beauty Salon,Lagos,937 771 948,4.4,
“O David”,Lisboa,,4,
Pump Your Heart in Lisbon,Lisboa,938 528 072,3.8,
Uncle Paul's Pizza NY,New York,(212) 922-1200,4.4,https://www.unclepaulspizzamenu.com/
Apulia,,,,http://www.regione.puglia.it/
Dominique Ansel Bakery,New York,(212) 219-2773,4.3,http://www.dominiqueanselny.com/
MarieBelle,New York,(212) 925-6999,4.7,http://www.mariebelle.com/
Lil' Frankie's,New York,(212) 420-4900,4.3,http://www.lilfrankies.com/
Gotan,New York,(212) 431-5200,4.5,https://www.gotancafe.com/
Pardon My French,Paris,01 55 32 06 16,4.9,http://www.pardon-myfrench.com/
Indian dosa - Saldanha Residence,Lisboa,936 656 390,4.2,http://www.indiandosa.pt/
Las Dos Manos,Lisboa,21 589 7269,4.5,https://www.lasdosmanos.pt/
Rosamar,Lisboa,967 335 758,4.7,https://letsumai.com/widget/rosamar
Acaso,Lisboa,936 248 218,4.7,https://acasorestaurante.eatbu.com/?lang=en
Faz Frio,Lisboa,21 581 4296,4.3,http://www.fazfrio.pt/
Bilmonte,,,4.8,https://www.bilmonte.it/
Jamavar,,020 7499 1800,4.3,https://jamavarrestaurants.com/indian-restaurant-mayfair/
Christopher cafe,Olival Basto,,5,
The Delaunay,,020 7499 8558,4.5,https://www.thedelaunay.com/?utm_source=google&utm_medium=local&utm_campaign=GoogleMyBusiness
Ave Mario,,,4.8,https://www.bigmammagroup.com/en/trattorias/ave-mario
Ikoyi Restaurant,,020 3583 4660,4.5,http://ikoyilondon.com/
The Barbary,,,4.6,http://www.thebarbary.co.uk/
Le Comptoir Gourmand,Toulouse,05 62 57 97 78,4.2,http://www.lecomptoir-gourmand.com/
"Chestnut Bakery, Covent Garden",,020 3883 5626,3.9,http://www.chestnutbakery.com/
"The Lamb & Flag, Covent Garden",,020 7497 9504,4.5,https://www.lambandflagcoventgarden.co.uk/?utm_source=googlemybusiness&utm_medium=organic&utm_campaign=yext&utm_content=P154&y_source=1_MTIyMzcxNTgtNzE1LWxvY2F0aW9uLndlYnNpdGU%3D
Cambridge,Cambridge,,,https://www.cambridge.gov.uk/
"The Round House, Covent Garden",,020 7836 9838,4.3,https://www.roundhousecoventgarden.co.uk/?utm_source=googlemybusiness&utm_medium=organic&utm_campaign=yext&utm_content=P149&y_source=1_MTIyMzcwMzYtNzE1LWxvY2F0aW9uLndlYnNpdGU%3D
Crème Madame,Lisboa,934 357 322,5,https://madamecreme.vercel.app/
Chez Fernand Christine,Paris,01 43 25 18 55,4.3,https://www.restaurantchezfernand.fr/
TAM - Transportes Agapito e Martins,Cascais,,5,
Bonjour Resto' Nguyễn Huy Tưởng,,028 3551 5950,4,http://bonjourresto.com/
Le Train Bleu,Paris,01 43 43 09 06,4.3,https://www.le-train-bleu.com/fr/
L'Atelier de Joël Robuchon,Paris,01 42 22 56 56,4.2,https://www.atelier-robuchon-saint-germain.com/
Café Cassette,Paris,01 45 48 53 78,4.3,http://www.cafecassette.com/
Brasserie Lutetia,Paris,01 49 54 46 92,4.3,https://www.hotellutetia.com/fr/brasserie
Crêperie des Canettes,Paris,01 43 26 27 65,4.5,http://www.creperiedescanettes.com/
Le Récamier,Paris,01 45 48 86 58,4.3,http://lerecamier.com/
Le Refuge du Passé,Paris,01 47 07 29 91,4.5,https://le-refuge-du-passe.fr/fr
Au Pied de Cochon,Paris,01 40 13 77 00,4.3,https://www.pieddecochon.com//?utm_source=Google&utm_medium=GMB&utm_campaign=PDC&y_source=1_MTE2NjUxNzQtNzE1LWxvY2F0aW9uLndlYnNpdGU%3D
D'Chez Eux,Paris,01 47 05 52 55,4.5,http://www.chezeux.com/
Les Ailes Enchainées,Lisboa,964 712 760,4.9,
Indian Thali,Lisboa,936 656 390,4.5,
Islamorada Tapas Bar,Sevilla,648 70 94 62,4.7,http://www.islamoradatapasbar.com/
La Malvaloca,Sevilla,955 62 81 81,4.6,https://www.lamalvaloca.es/
BuenTrago Alfalfa,Sevilla,,4.3,http://facebook.com/BuenTrago
El Pasaje Santa María la Blanca,Sevilla,954 21 77 78,4.4,https://elpasajesevilla.com/
The Couch Sports Bar,Lisboa,939 319 283,4.4,https://www.thecouch.pt/
Little Myanmar,New York,(917) 475-1183,4.2,
C&B - Boxes / Stables,Golegã,912 227 709,4,http://www.cb-worldwide.com/
Electric Burrito,New York,(646) 870-0104,4.7,https://www.electricburritonyc.com/
Veselka,New York,(212) 228-9682,4.6,https://www.veselka.com/?utm_source=google&utm_medium=gmb&utm_campaign=veselka
uluh,New York,(917) 261-5963,4.3,https://www.uluhny.com/
Veniero's Pasticceria & Caffe,New York,(212) 674-7070,4.6,http://www.venieros.com/
Veeray da Dhaba,New York,(212) 777-1420,4.6,http://www.veeraydadhaba.com/
Soothr,New York,(212) 844-9789,4.6,http://soothrnyc.com/
Il Cortile - Cocktail Bar & Bistrò - Pizza Gourmet,Roma,349 526 5287,4.3,https://il-cortile-cocktail-bar-bistro-pizza-gourmet.business.site/
Pasquale Jones,New York,(917) 453-0339,4.4,http://www.pasqualejones.com/
Terapias Orientais Bruna Lombardi,Alfragide,932 631 982,5,
Peasant,New York,(212) 965-9511,4.4,http://www.peasantnyc.com/
PARM Alimentos,,(15) 3318-2182,5,
Emilio's Ballato,New York,(212) 274-8881,4.4,
Charlie Bird,Torino,392 778 3218,4.5,https://www.facebook.com/CharlieBirdTorino/
Tapa Bucho,Lisboa,914 566 392,4.4,https://tapabucho.eatbu.com/
Da Noi,Lisboa,21 390 0802,4.6,https://danoilisboa.com/
Restaurante Federico,Lisboa,21 151 3850,4.6,http://www.palacioludovice.com/
Café Príncipe Real Restaurante & Cocktail Bar,Lisboa,961 844 248,4.4,http://www.memmohotels.com/principereal/cafe-principe-real
Silk Club,Lisboa,913 009 193,4.1,https://www.silk-club.com/
Bichomau,Lisboa,21 160 8694,4.5,https://letsumai.com/widget/bistro-bicho-mau
Terroir,Lisboa,21 887 3823,4.6,https://www.terroirrestaurante.com/
Mezcal Bar,Lisboa,965 331 272,4.3,
Discreto,Lisboa,927 444 336,4.9,
JNcQUOI Avenida,Lisboa,21 936 9900,4.5,https://www.jncquoi.com/avenida/
Fly High,Lisboa,964 386 985,,
Casa Mia Trattoria Pizzeria,Polignano a Mare,393 513 9573,4.1,http://www.casamiapolignano.com/
Leo's Braci d'Autore,Polignano a Mare,080 524 5631,4.4,http://www.leosbracidautore.it/
Specchia Sant'Oronzo,Polignano a Mare,080 424 0386,4.3,http://specchiasantoronzo.it/
Osteria Piga,Polignano a Mare,080 424 8751,4.4,http://www.osteriapiga.com/
Restaurant Antiche Mura,Polignano a Mare,080 424 2476,4.6,http://www.ristoranteantichemura.it/
Gusto Caruso,Polignano a Mare,080 321 8232,4.5,
The Super Mago del Gelo Mario Campanella,Polignano a Mare,080 424 0025,4.4,
La Focacceria Delle Noci Marco,Polignano a Mare,329 262 6528,4.5,
Cantina Della Nonna,Amadora,21 406 9880,4.6,
L'Osteria di Chichibio,Polignano a Mare,080 424 0488,4.4,http://www.osteriadichichibio.it/
Restaurante A Gina,Lisboa,21 342 0296,4.2,https://www.facebook.com/restauranteagina
Le 2 Aquile,Bari,080 202 2483,4.4,http://le2aquile.eatbu.com/
Panificio Fiore,Bari,080 523 6290,4.6,
Le Sgagliozze di Donna Carmela,Bari,,3.7,
La Tana del Polpo,Bari,080 975 3338,4.2,https://latanadelpolpoinfo.wixsite.com/trattoriadimare
Mastro Ciccio,Bari,080 521 0001,4.5,https://www.mastrociccio.it/
A16,,,,
Quinta de La Rosa,Gouvães do Douro,254 732 254,4.4,http://www.quintadelarosa.com/
Flores - Florista Online em Lisboa,Lisboa,21 387 2454,4,http://www.flores.pt/
La Malquerida,Lisboa,936 101 679,4.6,
Flour + Water,San Francisco,(415) 826-7000,4.5,http://www.flourandwater.com/
Poc-Chuc Restaurant,San Francisco,(415) 558-1583,4.5,https://www.poc-chucrestaurant.com/
Spruce,Spruce,,,
Californios Restaubar,,,3.1,
OTRO restaurante,Lisboa,963 620 129,4.6,http://www.otrorestaurante.com/
Brenda's Meat & Three,San Francisco,(415) 926-8657,4.6,http://brendasmeatandthree.com/
AZIZA: centro comercial continente Barreiro,Barreiro,920 044 639,5,https://www.tiktok.com/@aziza.barreiro639?_t=8WWWjYSOo57&_r=1
Breadbelly,San Francisco,(415) 349-0969,4.7,https://breadbellysf.com/
Good Luck Dim Sum,San Francisco,(415) 386-3388,4.4,
Mandalay Spa - Liberdade,Lisboa,21 001 5740,4.5,https://www.topspa.pt/pt/spas/mandalay-spa-liberdade
B Patisserie,Senhora da Hora,934 491 539,5,https://www.instagram.com/bpatisserie.pt/
Octavia motors care,Várzea,965 233 866,4.9,
Lisbon Boulevard,Lisboa,21 352 0053,4.5,
House of Prime Rib,San Francisco,(415) 885-4605,4.7,http://houseofprimerib.net/
Mister Jiu's,San Francisco,(415) 857-9688,4.4,https://www.misterjius.com/
Kokkari Estiatorio,San Francisco,(415) 981-0983,4.7,https://kokkari.com/
China Live,San Francisco,(415) 788-8188,4.3,http://www.chinalivesf.com/
Sotto Mare,San Francisco,(415) 398-3181,4.6,http://sottomaresf.com/
Lucca Delicatessen,San Francisco,(415) 921-7873,4.5,http://www.luccadeli.com/
Sushikuni,Chuo City,03-3545-8234,4.3,https://ameblo.jp/sushikuni/
Mokus l'Écureuil,Paris,01 42 56 23 56,4.4,http://www.restaurantmokus.fr/
Belmiro Restaurante,Lisboa,21 885 2752,4.4,https://belmiro-restaurante.negocio.site/?utm_source=gmb&utm_medium=referral
Almazen café,Sevilla,955 35 97 64,4.7,http://www.almazencafe.es/
Sobretablas,Sevilla,955 54 64 51,4.6,http://www.sobretablasrestaurante.com/
Restaurante Ispal | Grupo La Raza,Sevilla,955 54 71 27,4.3,https://www.restauranteispal.com/
Blanca Paloma,Sevilla,954 33 36 40,4.5,https://mejordesevilla.com/restaurante-blanca-paloma-triana/
Mercado de Triana,Sevilla,674 07 40 99,4.4,http://www.mercadodetrianasevilla.com/
Freiduría Puerta de la Carne,Sevilla,954 41 11 59,4.1,http://www.freiduriapuertadelacarne.com/
Bar Casa Morales,Sevilla,954 22 12 42,4.3,https://www.facebook.com/bodegacasamorales/?
Castizo tapas bar,Sevilla,955 18 05 62,4.4,http://www.barracastizo.es/
Doña Carmen,Sevilla,955 67 31 29,4.2,https://es-la.facebook.com/pages/Cafeteria-Do%C3%B1a-Carmen/104632673038009
"Créeme Helado, Helado",Sevilla,,4.7,
Virgin Coffee,Sevilla,675 94 29 95,4.9,http://www.virgen.coffee/
Vinoteca Lama La Uva,Sevilla,601 49 41 38,4.8,https://www.lamalauva.com/
Yo soy tu Padre VERMOUTH,Sevilla,675 09 02 97,4.8,http://facebook.com/VermuteriaYSTP
Antigua Abacería de San Lorenzo,Sevilla,,4.4,
La Cochera del Abuelo,Sevilla,664 44 06 36,4.7,https://www.instagram.com/cocheradelabuelo/?hl=es
Brilhante,Lisboa,21 054 7981,4.4,http://restaurantebrilhante.pt/
Praia no Parque,Lisboa,968 842 888,4,https://parque.apraia.pt/
Quinta das Bageiras - Mário Sérgio Alves Nuno,Sangalhos,234 742 102,4.8,https://www.quintadasbageiras.pt/
Adega Luís Pato,Amoreira da Gândara,231 596 432,4.7,http://www.luispato.com/
Rei dos Leitões,Mealhada,968 123 084,4.4,https://www.facebook.com/restaurantereidosleitoes/
Mugasa,Sangalhos,234 741 061,4.6,https://www.facebook.com/restaurante.mugasa/
Emily: West Village,New York,(917) 935-6434,4.5,https://www.pizzalovesemily.com/
Philippe Conticini Paris 7ème,Paris,01 43 20 04 99,4.2,https://www.philippeconticini.fr/
Le Deli Robuchon Mayfair,,020 8076 0564,4.1,http://www.ledelirobuchon.co.uk/
Richoux,,020 3375 1000,4.1,https://www.richoux.co.uk/
Pão da Esquina - Campo de Ourique,Lisboa,910 025 528,4.3,https://paodaesquina.pt/
Camille,Paris,01 42 72 20 50,4.3,http://www.camille-restaurant.com/
Baeta Cafe,Lisboa,21 396 0048,4.5,http://buk.pt/baeta-cafe
Pink Mamma,Paris,01 75 85 03 72,4.6,https://www.bigmammagroup.com/fr/trattorias/pink-mamma/?utm_source=google&utm_medium=organic&utm_campaign=mybusiness-website
OKA - Arquitetura & Design de Interiores,Lisboa,914 572 594,,
Atelier Carnem,Paris,01 72 34 56 94,4.6,https://ateliercarnem.com/fr
Restaurante Cinco Jotas Sevilla,Sevilla,954 21 07 63,4.3,https://www.osborne.es/es/restaurante-cinco-jotas-sevilla
Win Son,,(347) 457-6010,4.6,https://winsonbrooklyn.com/
The Fox and Pheasant,,020 7352 2943,4.7,http://www.thefoxandpheasant.com/
Porte Noire Kings Cross,,020 3479 1914,4.7,http://www.portenoire.co.uk/
Lore of the Land,,020 3927 4480,4.7,https://gritchiepubs.com/
Grapes & Bites - Hostel and Wines,Lisboa,924 457 494,4.5,https://grapesandbites.eatbu.com/
Restaurante Azenhas do Mar,Colares,21 928 0739,4.4,https://azenhasdomar.com/
Shukette,New York,(212) 242-1803,4.7,http://www.shukettenyc.com/
Joe Lamb Jr. & Associates,Kitty Hawk,(252) 261-4444,4,https://www.joelambjr.com/
Sessions Arts Club,,020 3793 4025,4.2,http://www.sessionsartsclub.com/
Smoking Goat Shoreditch,,,4.2,http://www.smokinggoatbar.com/
Firebird. Restaurant & Wine Bar,,07713 737813,4.7,https://firebirdlondon.co.uk/
INKO NITO - Soho,,020 3959 2650,4.4,https://inkonitorestaurant.com/locations/london-soho/?utm_source=InfoButtonClick&utm_medium=Home&utm_campaign=GoogleBusinessProfile
Supawan Thai Food,,020 7278 2888,4.5,http://supawan.co.uk/
Berenjak,,,,
Follow Sense,Linda-a-Velha,967 525 633,5,
DUCKSOUP,,020 7287 4599,4.4,http://www.ducksoupsoho.co.uk/
4 Charles Prime Rib,New York,(212) 561-5992,4.7,http://nycprimerib.com/
Futuraline,Rio de Mouro,21 602 6179,4.9,http://www.futuraline.pt/
I Sodi,New York,(212) 414-5774,4.3,http://www.isodinyc.com/
Amin's Kebab,Lisboa,,,
Misi Fulfilment,Bleiswijk,085 047 7710,4.2,http://www.misi.nl/
Municipal Environment - SEMMA,,(91) 3039-8100,2.1,http://www.belem.pa.gov.br/semma
Dhamaka Restaurant,,07483 330639,4.6,http://www.dhamakadining.co.uk/
Adda Indian Canteen,,(718) 433-3888,4.3,https://www.addanyc.com/
Los Amigos Taco Bar,Seixal,21 590 8954,4.4,https://losamigostacosbar.eatbu.com/
Don Angie,New York,(212) 889-8884,4.6,http://donangie.com/
Al Pompiere Roma,Roma,06 686 8377,4.2,http://www.alpompiereroma.com/
I Fratellini,Firenze,055 239 6096,4.6,
All’Antico Vinaio,Firenze,,4.6,https://www.allanticovinaio.com/
PRIM,Ericeira,261 865 230,4.5,
Torrisi Bar & Restaurant,New York,(212) 254-3000,4.6,https://www.torrisinyc.com/?utm_medium=Click&utm_source=GoogleMyBusiness
El Rinconcillo,Sevilla,954 22 31 83,4.3,http://www.elrinconcillo.es/
El Librero Tapas Y Quesos,Sevilla,955 27 66 11,4.6,https://www.instagram.com/ellibrerotapas/?hl=es
Bodeguita Reyes Antonio Romero,Sevilla,954 22 14 55,4.2,http://www.bodeguitasantonioromero.com/
Bar El Comercio,Sevilla,,4.4,
La Sede,Sevilla,,4.8,
Bar Triana,Sevilla,699 85 01 30,4.6,https://bar-triana.business.site/
Bodeguita Romero,Sevilla,954 22 95 56,4.3,http://bodeguitaromero.es/
Sumaya,Lisboa,21 347 0351,4.4,https://www.sumaya.pt/pt/
Sofia's Place,Lisboa,21 396 1493,4.8,https://instagram.com/sofia.s.place?igshid=YmMyMTA2M2Y=
Adega das Gravatas,Lisboa,21 714 3622,4.4,http://www.adegadasgravatas.com/
Costa Do Malabar,Lisboa,967 673 230,4.4,http://www.costadomalabar.com/
Natraj Tandoori,Lisboa,21 388 0630,4.5,http://www.restaurantenatraj.com/
POTZALIA,Lisboa,916 962 509,4.7,https://www.instagram.com/potzalia/?hl=es
Melbourne elouera,Lisboa,910 858 418,4.7,https://www.melbourneelouera.com/
Trattoria Madonnina,Milano,02 8940 9089,4.2,http://www.facebook.com/lamadonninamilano/
Pub Nebbia,Cáceres,,4.5,
Telepizza Braamcamp,Lisboa,21 315 9309,3.6,https://www.telepizza.pt/pizzaria/lisboa-lisboa/braamcamp-03504
Ratanà,Milano,02 8712 8855,4.3,http://www.ratana.it/
Dongio,Acquarossa,,,
Trattoria Cammillo,Firenze,055 212427,4.4,
Il Guscio,Firenze,055 224421,4.4,https://www.ristorante-ilguscio.it/
Gucci Osteria da Massimo Bottura,Firenze,055 062 1744,4.3,http://www.gucciosteria.com/?y_source=1_ODkzNDAyMy03MTUtbG9jYXRpb24ud2Vic2l0ZQ%3D%3D
Gurdulù Gastronomia,Firenze,055 282223,4.5,http://www.gurdulu.com/
Borgo San Jacopo,Firenze,,,
Cantinetta Antinori,Firenze,055 292234,4.5,http://www.cantinetta-antinori.com/
Il Santo Bevitore,Firenze,055 211264,4.4,http://www.ilsantobevitore.com/
Osteria dell'Enoteca,Firenze,055 228 6018,4.7,http://www.osteriadellenoteca.com/
L'angolo del mare,Firenze,055 626 6019,4.6,https://www.langolodelmare.com/
ESSENZIALE,Álora,689 10 11 67,5,
Regina Bistecca,Firenze,055 269 3772,4.5,http://www.reginabistecca.com/
Quattro Teste,Lisboa,,4.9,http://www.4teste.com/
Tricky's,Lisboa,939 588 019,4.7,http://cometotrickys.com/
Tasca Baldracca,Lisboa,,4.4,
SUD Lisboa,Lisboa,21 159 2700,4.5,http://www.sudlisboa.com/
O Velho Eurico,Lisboa,,4.4,https://www.instagram.com/ovelhoeurico
Ajitama Ramen Bistro - Alecrim,Lisboa,965 268 635,4.6,http://www.ajitama.pt/
Ajitama Ramen Bistro,Lisboa,967 761 997,4.4,http://www.ajitama.pt/
G Spa by Altis Grand Hotel,Lisboa,21 310 6119,4.4,http://www.altishotels.com/PT/HotelAltisLisboa/Spa/
KURO BAKERY,,,4.1,https://kuro-london.com/
Little Bread Pedlar,,,4.6,http://lbpedlar.com/
Arôme Bakery - Covent Garden,,,4.6,https://aromebakery.co.uk/
Fortitude Bakehouse,,020 7837 5456,4.5,http://www.fortitudebakehouse.com/
Antica Pizzeria Di Matteo,Napoli,081 455262,4.3,http://www.anticapizzeriadimatteo.it/
A Valenciana,Lisboa,21 388 4926,4.3,http://restauranteavalenciana.pt/
Mi Casa en Asturias,Oviedo,639 18 73 73,3.6,https://mi-casa-en-asturias.negocio.site/?utm_source=gmb&utm_medium=referral
Restaurante La Malaje,Madrid,913 64 25 87,4.2,https://www.lamalajerestaurante.es/
Araia,Araia,,,
Marzeah Taberna,Madrid,722 61 51 93,4.7,https://marzeah.com/
Bar Trafalgar,Madrid,609 70 26 73,4.5,http://www.bartrafalgar.es/
Bichopalo Restaurante,Madrid,917 70 06 63,4.5,http://bichopalo.es/
Comparte Bistró,Madrid,910 33 87 07,4.5,http://www.comparte-bistro.com/
Imprensa Cocktail and Oyster Bar,Lisboa,917 711 619,4.9,
Tatema Madrid,Madrid,910 96 88 55,4.6,http://tatemamadrid.com/
NuBel,Madrid,914 68 46 04,4.2,https://www.nubel.es/
Restaurante Lola Sí Mola,Madrid,915 99 06 83,4.7,https://www.lolasimola.com/
Raoul's,New York,(212) 966-3518,4.6,http://raouls.com/
St Jardim,New York,(917) 938-5829,4.6,http://www.stjardimnyc.com/
Black Press Coffee,New York,(646) 490-6499,4.5,http://www.blackpresscoffee.com/
Parcelles,Paris,01 43 37 91 64,4.6,https://www.parcelles-paris.fr/
Roman's,,(718) 622-5300,4.6,http://romansnyc.com/
Miss Ada,,(917) 909-1023,4.7,http://www.missadanyc.com/
Pizzeria restaurant,Lisboa,,,
Devoción,New York,,4.5,http://devocion.com/
Coffee in Brew,Lisboa,21 357 1381,4.6,https://coffeeinbrew.pt/
Dudley's,,,4.5,http://www.dudleyscoffee.com/
Ristorante La Tavernaccia Da Bruno,Roma,06 581 2792,4.6,http://www.latavernacciaroma.com/
SantoPalato,Roma,,4.3,https://www.santopalatoroma.it/
Le Bon Georges,Paris,01 48 78 40 30,4.6,http://www.lebongeorges.paris/
Aux Prés Cyril Lignac,Paris,01 45 48 29 68,4.2,http://www.restaurantauxpres.com/
Trattoria Mirta,Milano,338 625 1114,4.4,http://www.trattoriamirta.it/
Restaurante Ático,Madrid,915 32 94 96,4.4,https://www.theprincipalmadridhotel.com/es/restaurantes/atico/?source=google&medium=organic&campaign=google-my-business
Restaurante Alabaster,Madrid,915 12 11 31,4.6,https://amicalia.es/alabaster
FAYER Madrid,Madrid,910 05 32 90,4.3,https://fayer.com/fayer-madrid/
DiverXO,Madrid,915 70 07 66,4.4,http://www.diverxo.com/
Sylkar,Madrid,915 54 57 03,4.2,https://www.sylkarbar.com/
Bodegas el Maño,Madrid,605 75 06 61,4.3,http://www.bodegaselmano.com/
Mo de Movimiento,Madrid,667 97 45 99,4.3,http://www.modemovimiento.com/
Angelita Madrid,Madrid,915 21 66 78,4.7,http://madrid-angelita.es/
El Rincón de Jaén I,Madrid,914 01 63 34,4.4,https://elrincondejaen.com/
Cruz Blanca de Vallecas,Madrid,914 77 34 38,4,http://www.cruzblancavallecas.com/
Corral de la Morería,Madrid,913 65 11 37,4.5,https://www.corraldelamoreria.com/
El Paraguas,Madrid,914 31 59 50,4.3,http://www.elparaguas.com/
Roostiq,Madrid,918 53 24 34,4.4,https://madrid.roostiq.com/
La Tasquería,Madrid,914 51 10 00,4.6,http://latasqueria.com/
Restaurante Casa Benigna,Madrid,914 13 33 56,4.6,https://www.casabenigna.com/
Rocco,Lisboa,21 054 3168,4.4,http://www.rocco.pt/
Heddon Street Kitchen,,020 7592 1212,4.2,https://www.gordonramsayrestaurants.com/heddon-street-kitchen/
Infame Lisboa,Lisboa,21 880 4008,4.3,http://www.infame.pt/
Black Sheep Lisboa,Lisboa,938 946 752,4.8,http://blacksheeplisboa.com/
Senhor Uva,Lisboa,21 396 0917,4.8,http://www.senhoruva.com/
Ruvida,Lisboa,21 395 0977,4.5,https://www.instagram.com/ruvidarestaurante/?hl=it
Confeitaria Nacional,Lisboa,21 342 4470,4.2,https://confeitarianacional.com/
Le Relais de la Butte,Paris,01 42 23 24 34,3.9,http://lerelaisdelabutte.fr/fr
IIIMPAR,Lisboa,927 608 582,4.6,http://www.iiimpar.com/
Le Temps De Cerises,Lisboa,,,
Le Flore en l'Île,Paris,01 43 29 88 27,4.1,http://www.lefloreenlile.fr/
La Villa,Lisboa,21 050 8171,4.5,
L'Assiette,Paris,01 43 22 64 86,4.6,http://www.restaurant-lassiette.com/
"L'Entente, Le British Brasserie",Paris,01 47 42 92 35,4.4,https://lentente.paris/
Le Petit Cler,Paris,01 45 50 17 50,4.4,https://menuonline.fr/lepetitcler
Auberge Bressane,Paris,01 47 05 98 37,4.4,http://www.auberge-bressane.com/
Chez Delphine,Paris,01 42 81 35 94,4.7,https://www.restaurantchezdelphine.fr/
La Fontaine de Mars,Paris,01 47 05 46 44,4.4,https://www.fontaine-de-mars.com/
Bistrot Paul Bert,Paris,01 43 72 24 01,4.2,https://bistrotpaulbert.fr/
PavYllon,Paris,01 53 05 10 10,4.5,https://www.yannick-alleno.com/fr/restaurants-reservation/pavyllon.html
Le Rigmarole,Paris,01 71 24 58 44,4.6,http://lerigmarole.com/
Racines Consulting - Automação Residencial e Comercial,Parede,925 957 561,,https://racines.consulting/
Le Saint Sébastien,Paris,06 49 75 27 90,4.5,http://www.lesaintsebastien.paris/
Le Cadoret,Paris,01 53 21 92 13,4.3,https://www.facebook.com/Le-cadoret-142920366465634
Hélène Darroze,Paris,01 42 22 00 11,4.2,http://www.helenedarroze.com/
La Poule au Pot,Paris,01 42 36 32 96,4.1,https://jeanfrançoispiege.com/la-poule-au-pot
Les enfants du marché,Paris,01 40 24 01 43,4.3,https://lesenfantsdumarche.fr/
Arpège,Paris,01 47 05 09 06,4.4,https://www.alain-passard.com/
Pierre Gagnaire,Paris,01 58 36 12 50,4.6,http://www.pierre-gagnaire.com/
Le petit sommelier de Paris,Paris,01 43 20 95 66,4.2,http://www.lepetitsommelier-paris.fr/
Auberge du Bonheur,Paris,01 42 24 10 17,4.3,http://www.restaurantsparisiens.com/restaurant-lauberge-du-bonheur/
Le Chalet des Îles,Paris,01 42 88 04 69,3.9,http://chalet-des-iles.com/
Boutary,Paris,01 43 43 69 10,4.7,http://www.boutary-restaurant.com/
"Restaurante Bistrot Le Café, Lisboa",Lisboa,21 389 6600,3.5,https://www.dompedrolisboa.com/bistrot-le-cafe
Rue Mouffetard,Paris,,,
Buddha Bar,Lisboa,,3.5,
Le Grand Colbert - Brasserie Parisienne,Paris,01 42 86 87 88,4.1,http://www.legrandcolbert.fr/
PAUL,Lisboa,,4.1,https://paul.pt/
Restaurante Chiveve,Lisboa,21 803 6347,4.9,https://restaurante-chiveve.eatbu.com/
Milkees - Specialty Coffee & Cookies,Lisboa,21 191 9596,4.7,http://www.milkees.pt/
"Hello, Kristof",Lisboa,,4.6,http://www.hellokristof.com/
Insaciável,Lisboa,933 717 911,4.9,
Magnolia Bistrot & Winebar,Lisboa,935 315 373,4.7,https://www.instagram.com/magnolia_lisboa/
Queijadas da Sapa,Sintra,21 923 0493,4.6,https://www.facebook.com/queijadasdasapa/
Café Saudade,Sintra,21 242 8804,4.5,https://www.saudade.pt/pt/cafesaudade.html
Tacho Real,Sintra,21 923 5277,4.5,https://www.facebook.com/RestauranteTachoReal/
COMO Restaurante,Sintra,960 154 129,4.8,https://comoorigins.com/
Villa 6,Sintra,21 924 4353,4.4,
Sintra Terrace,Sintra,21 910 9044,4.1,http://sintraterrace.pt/
CANTINHO GOURMET,Lisboa,,5,
Casa Piriquita,Sintra,21 923 0626,4.5,https://www.piriquita.pt/
Panças,Lisboa,21 760 8530,4.5,https://m.facebook.com/pages/Restaurante-o-Pan%C3%A7as/128583043883580
Ristorante Gourmet 32 Taormina,Taormina,388 562 0381,4.5,https://www.gourmet32.it/
Osteria Villa Zuccaro,Taormina,0942 615056,4.4,http://www.villazuccaro.com/osteria-villa-zuccaro-2-2/
The Garden,Amadora,21 804 1106,4.4,http://ilgiardino.pt/
Ristorante Aranciara,Taormina,0942 23756,4.4,https://ristorante-aranciara.business.site/?utm_source=gmb&utm_medium=referral
Mezcaleria “La Cenaduría Nice”,Lisboa,21 248 5991,4.6,
Corrupio,Lisboa,21 396 1585,4.8,https://corrupio.pt/
Nómada - Avenidas Novas,Lisboa,917 779 737,4.6,http://www.nomadalisboa.com/
Delfina-Cantina Portuguesa,Lisboa,21 269 7445,4.4,http://www.delfinarestaurants.com/
1300 Taberna,Lisboa,21 364 9170,4.4,http://www.1300taberna.com/
"SEEN by Olivier, Lisboa",Lisboa,21 096 5775,4.3,https://seenlx.com/
Park Rooftop,Lisboa,,3.6,https://www.facebook.com/parklisboaofficial/
Topo Chiado,Lisboa,21 342 0626,4.1,https://www.facebook.com/TOPO-1679047655647575/
Osteria Morini,New York,(212) 965-8777,4.4,http://www.osteriamorini.com/soho-nyc?utm_source=GoogleBusinessProfile&utm_medium=Website&utm_campaign=MapLabs
La Siesta,Cruz Quebrada,21 301 1522,4.1,https://www.restaurantelasiesta.com/
Chez Chouette,Lisboa,21 409 8817,4.1,https://instagram.com/chez.chouette.lisboa?igshid=YmMyMTA2M2Y=
cul de sac,Madrid,685 50 64 36,4.8,http://culsac.com/
Melo,Melo,,,
Fiammetta,Lisboa,962 026 826,4.3,http://www.fiammetta.pt/
Restaurante Pica-Pau,Lisboa,21 269 8509,4.4,http://restaurantepicapau.pt/
Estudio Fotografia Sergio Rosario,Lisboa,917 292 031,,http://www.sergiorosario.com/
Curva,Lisboa,,4.7,https://www.instagram.com/curvalisboa
Vino Vero,Lisboa,21 886 3115,4.4,http://www.vinovero.wine/
Enoteca LX,Lisboa,913 962 868,4.6,https://enotecalx.com/
Il Gabriello,Roma,06 6994 0810,4.6,https://www.ristoranteilgabriello.it/
Ristorante Camponeschi,Roma,06 687 4927,4.4,http://www.ristorantecamponeschi.it/
Church of Saints Severino and Sossio Naples,Napoli,347 495 2568,4.6,http://www.chiesadinapoli.it/
Pizzeria Da Attilio,Napoli,081 552 0479,4.5,https://www.pizzeriadaattilio.com/
Sfogliatelle calde Attanasio,Napoli,081 285675,4.6,http://www.sfogliatelleattanasio.it/
Piperno Restaurant,Roma,06 6880 6629,4.2,http://www.ristorantepiperno.it/prenotazioni/
BytheWine,Lisboa,21 342 0319,4.5,
O Faia - Casa de Fado,Lisboa,21 342 6742,4.6,http://www.ofaia.com/
Le Violon d'Ingres,Paris,01 45 55 15 05,4.5,https://leviolondingres.paris/
Les Cocottes,Paris,01 45 50 10 28,4.2,https://lescocottes.paris/
Le Fumoir,Paris,01 42 92 00 24,4.3,http://www.lefumoir.com/
Tasca da Esquina,Lisboa,919 837 255,4.4,http://www.tascadaesquina.com/
L'Antica Pizzeria Da Michele Barcelona,Barcelona,,4.2,http://damichelebcn.com/
Il Convivio Troiani,Roma,06 686 9432,4.6,http://www.ilconviviotroiani.com/
Esquina da Fé,Lisboa,21 342 0051,4.5,https://www.facebook.com/pages/Restaurante-A-Esquina-da-F%C3%A9-Pagina-Oficial/232616723424707?id=232616723424707&sk=info
Hostaria Costanza,Roma,06 686 1717,4.5,https://www.hostariacostanza.it/
La Pace del Palato,Roma,06 6813 5463,4.7,http://www.lapacedelpalatocatering.com/
Tonnarello,Roma,,4.8,https://tonnarello.it/
Trapizzino | Trastevere,Roma,06 581 7312,4.6,https://www.trapizzino.it/trapizzino/trapizzino-roma-trastevere/?utm_source=googlemaps&utm_campaign=Local&utm_medium=organic&utm_content=link_home_gmaps
Ristorante Ad Hoc,Roma,06 323 3040,4.6,http://www.ristoranteadhoc.com/
Cantina e Cucina,Roma,06 689 2574,4.6,http://www.cantinaecucina.it/
Rione XIV Bistrot,Roma,06 4568 2897,4.8,
Pane e Salame,Roma,06 679 1352,4.8,https://www.facebook.com/panesalameroma/
Paco Bigotes,Anexo,21 407 6708,4.7,https://www.instagram.com/pacobigotes/?hl=en
Casa Guedes Tradicional,Porto,22 200 2874,4.4,http://www.casaguedes.pt/
Restaurante Conga Casa das Bifanas,Porto,22 200 0113,4.4,https://www.facebook.com/CONGACASADASBIFANAS
A Capoeira,Lisboa,,3.8,
Restaurante O Lusitano,Agualva-Cacém,21 241 7551,4.1,
Ladurée,Paris,01 40 75 08 75,4.2,https://www.laduree.fr/laduree-paris-champs-elysees.html
Les Deux Magots,Paris,01 45 48 55 25,4.2,http://www.lesdeuxmagots.fr/
"Mille & Un (Boulangerie, Pâtisserie, Salon de Thé)",Paris,01 43 21 55 92,4.4,https://www.instagram.com/mille_et_1/
Porto das Barcas,Vila Nova de Milfontes,283 997 160,4.4,
O Celso Restaurante,Lisboa,933 011 997,4.5,
EMMA - Escola de Massagem e Motricidade Aplicada,Lisboa,21 130 0013,3.9,http://www.emma.pt/
Pinsa e buoi dei...Parioli,Roma,06 5987 3075,4.4,http://www.pinsaebuoiristorante.com/
Seu Pizza Illuminati,Roma,06 588 3384,4.4,https://www.seupizza.com/
Restaurante A Gruta de Camões,Lisboa,968 096 628,4,http://carsedia.eatbu.com/
Quinta das Brôlhas,Lisboa,21 396 0044,,http://www.quintadasbrolhas.com/
A Mar a Terra,Lisboa,961 194 483,4.7,https://a-mar-a-terra.negocio.site/
Restaurante O Forte,Forte da Casa,21 959 2467,4.2,
Pátio das Babosas,Funchal,291 765 137,4.6,https://www.facebook.com/pages/P%C3%A1tio-das-Babosas/1805919766090560
Barca Velha Café,Lisboa,965 639 829,4.8,
TejoàVista,Lisboa,21 158 4574,4.2,
Atelier Nini Andrade Silva,Lisboa,21 812 3790,4.7,http://www.niniandradesilva.com/pt/
Kampo by Chef Julio Pereira,Funchal,924 438 080,4.7,https://kampo.pt/
Rome,Rome,,,http://www.comune.roma.it/
Armando al Pantheon,Roma,,4.4,https://www.armandoalpantheon.it/
AGORA systems (Portugal),Lisboa,21 316 2144,4.4,http://www.agorasystems.com/
The V Rooftop Bar,Lisboa,21 040 5400,4.4,http://www.thevintagelisbon.com/
Can Cisa/Bar Brutal,Barcelona,933 19 98 81,4.3,http://www.barbrutal.com/
Cañete la Real,Cañete la Real,,,
Maná 75,Barcelona,938 32 64 15,4.4,https://mana75.es/?utm_source=google&utm_medium=organic&utm_campaign=gmb-listing
Lomo Alto,Barcelona,935 19 30 00,4.1,https://lomoalto.barcelona/
Disfrutar,Barcelona,933 48 68 96,4.8,http://www.disfrutarbarcelona.com/
Go A Lisboa - Pop Up Supper Club,Lisboa,21 594 1117,4.5,https://goalisboa.com/
Golfinho Azul,Encarnação,261 862 945,4.4,https://www.facebook.com/restaurantegolfinhoazul/
O Batel,Sesimbra,969 306 556,4.8,
BAHR & Terrace,Lisboa,21 340 8253,4.5,https://www.bahr.pt/pt/
Ofício,Lisboa,910 456 440,4.5,http://oficiolisboa.pt/
Prado,Lisboa,21 053 4649,4.3,http://pradorestaurante.com/
XXL by Olivier,Lisboa,911 807 513,4.2,https://restaurantesolivier.com/xxl/
Neighbourhood Cafe Lisbon,Lisboa,21 406 8809,4.6,http://www.neighbourhoodlisbon.com/
Wurst - Salsicharia Austríaca,Lisboa,918 905 325,4.6,http://wurst.pt/
Jesus é Goês,Lisboa,920 091 826,4.5,https://www.facebook.com/jesusegoesoficial/
Marquise da Mobler,Lisboa,966 611 192,4.5,
Taberna da Rua das Flores,Lisboa,21 347 9418,4.2,http://tberna.com/
100 Maneiras,Lisboa,910 918 181,4.4,https://100maneiras.com/restaurante/
Essencial,Lisboa,21 157 3713,4.7,http://essencialrestaurante.pt/
Casa Di Peppe,Paris,01 43 54 78 68,4.6,https://www.casadipeppe.fr/
Cave La Bourgogne,Paris,01 47 07 82 80,4.1,
The Smiths Bakery,Paris,01 43 54 96 96,4.3,
La Jacobine,Paris,01 46 34 15 95,4.6,https://www.facebook.com/pages/La-Jacobine/165085470188754
Atelier Maître Albert,Paris,01 56 81 30 01,4.3,https://www.ateliermaitrealbert.com/
La Maison d’Isabelle,Paris,,4.6,
Farmtable by Belong Growing & Tasting,Odemira,283 249 170,4.6,https://www.craveiral.pt/restaurante
Dallas Burger Joint - Pink Street,Lisboa,,4.7,
Taco Locoo,Lisboa,21 589 9191,4.7,
O bitoque,Lisboa,21 396 5636,4.6,
The Bifanas of Afonso,Lisboa,,4.7,https://www.tripadvisor.pt/Restaurant_Review-g189158-d12125778-Reviews-As_bifanas_do_Afonso-Lisbon_Lisbon_District_Central_Portugal.html
Boi-Cavalo,Lisboa,938 752 355,4.1,http://www.boi-cavalo.pt/
Fumeiro de Santa Catarina,Lisboa,21 347 1002,4.6,https://pt-pt.facebook.com/fumeirosantacatarina?_rdr
Taberna da Esperança,Lisboa,925 059 289,4.5,
Petiscaria Ideal,Lisboa,925 059 289,4.4,
Tayybeh,Lisboa,21 804 0111,4.7,https://www.tayybeh.pt/
Atira-te ao Rio,Almada,21 275 1380,4.3,https://atirateaorio.com/
Kerala,,,,
Taberna do Calhau,Lisboa,21 585 1937,4.1,https://instagram.com/taberna_do_calhau?igshid=73n0x11v8wa
A Taberna Do Mar,Lisboa,21 093 9360,4.7,https://atabernadomar.negocio.site/
CARNAL,Lisboa,913 463 232,4.3,https://carnal.pt/
Kanazawa,Lisboa,21 301 0292,4.9,https://kanazawa.com.pt/
Fiammetta,Lisboa,962 026 826,4.3,http://www.fiammetta.pt/
Taverna do 8 Ó 80,Nazaré,262 560 490,4.5,
Taberna d'Adelia,Nazaré,262 552 134,4.5,https://www.tripadvisor.pt/Restaurant_Review-g315902-d1782750-Reviews-Taberna_d_Adelia-Nazare_Leiria_District_Central_Portugal.html
O Veleiro,Costa da Caparica,21 290 5668,4.2,https://m.facebook.com/restauranteoveleiro15/?locale2=pt_PT
Isco,Lisboa,21 134 5751,4.5,http://isco.pt/
Crouton,Lisboa,21 099 8174,4.8,https://www.instagram.com/crouton_lisboa/?hl=pt
shakar coffee,Lisboa,938 077 077,4.7,https://www.shakar.pt/
In Bocca Al Lupo,Lisboa,21 390 0582,4.3,http://www.inboccaallupo.pt/
Lisboa é Linda,Lisboa,21 053 4554,4.6,http://www.lxelinda.com/
Leonetta,Lisboa,939 834 631,4.4,http://letsumai.com/widget/leonetta
Estrela da Bica,Lisboa,21 347 3310,4.5,
Santelmo,Lisboa,21 396 1071,4.8,https://www.facebook.com/Santelmo-Restaurante-Cafe-988214471233446/
A Nossa Casa,Lisboa,21 342 0484,4.8,https://miguelalvescal.wixsite.com/a-nossa-casa
Heim Cafe • Brunch and Breakfast •,Lisboa,935 775 833,4.6,https://www.instagram.com/heimcafe.lisbon/
Javá Rooftop,Lisboa,935 945 545,4.4,http://letsumai.com/widget/Java-Rooftop
Café Janis,Lisboa,,4.5,
Garrafeira Estado d'Alma,Lisboa,21 410 5162,4.8,http://www.garrafeiraestadodalma.pt/
O Recanto,Lisboa,910 581 301,4.6,http://www.facebook.com/orecanto24/
Cervejaria Ramiro,Lisboa,969 839 472,4.4,http://www.cervejariaramiro.com/
Mestrias Tasca Nova,Lisboa,913 342 204,4.6,
Taberna dos Ferreiros,Lisboa,21 587 3837,4.6,
Terraço Editorial,Lisboa,912 027 876,4.5,http://www.terracoeditorial.pt/
Crêpes de Breizh,Sesimbra,965 175 117,4.3,
OTRO restaurante,Lisboa,963 620 129,4.6,http://www.otrorestaurante.com/
Zenith,Lisboa,21 152 7583,4.4,http://www.zenithcaffe.pt/
Coyo Taco - Príncipe Real,Lisboa,21 052 9201,4.3,http://www.coyotaco.pt/
Zé da Mouraria,Lisboa,21 886 5436,4.4,https://www.facebook.com/pages/Ze-da-Mouraria/506949056013831
Solar dos Presuntos,Lisboa,21 342 4253,4.5,http://www.solardospresuntos.com/
Cantinho do Aziz,Lisboa,21 887 6472,4.1,http://www.cantinhodoaziz.com/
Sála de João Sá,Lisboa,21 887 3045,4.7,http://www.restaurantesala.pt/
Grenache,Lisboa,21 887 1616,4.7,http://www.grenache.pt/
Tapisco Lisboa,Lisboa,21 342 0681,4.4,http://www.tapisco.pt/
Jeronymo Café Campo de Ourique,Lisboa,,4.3,http://jeronymo.pt/
Memoria,Lisboa,21 099 8366,4.4,https://www.grupononbasta.pt/
A Brasileira,Lisboa,21 346 9541,4.1,https://www.abrasileira.pt/
Pateo - Bairro do Avillez,Lisboa,21 583 0290,4.2,https://www.bairrodoavillez.pt/
Bistro 100 Maneiras,Lisboa,910 307 575,4.4,http://www.100maneiras.com/
Manteigaria,Lisboa,21 347 1492,4.8,https://www.facebook.com/manteigaria.oficial/
Comida Independente,Lisboa,21 395 1762,4.7,http://www.comidaindependente.pt/
Café de São Bento,Lisboa,913 658 343,4.5,http://www.cafesaobento.com/
Tasca da Esquina,Lisboa,919 837 255,4.4,http://www.tascadaesquina.com/
Coelho da Rocha,Lisboa,21 390 0855,4.6,https://www.facebook.com/restaurantecoelhodarocha/
Restaurante Atlântiko,Lisboa,21 116 6100,4.6,http://www.restauranteatlantiko.com/https://www.exehotels.com/exe-moncloa/terraza.html?td=l00rl00&id_referer=GMB&utm_source=google&utm_medium=gmb&utm_campaign=googlemb
Landeau Chocolate,Lisboa,917 278 939,4.7,http://www.landeau.pt/
Pastéis de Belém,Lisboa,21 363 7423,4.6,https://pasteisdebelem.pt/
Cura,Lisboa,21 381 1401,4.9,https://www.fourseasons.com/lisbon/dining/restaurants/cura/?utm_source=google&utm_medium=organicsearch&utm_campaign=tor-lis-fab-mid-seo-na&utm_content=na-na&utm_term=na
Cantinho do Avillez - Chiado,Lisboa,21 199 2369,4.3,https://www.cantinhodoavillez.pt/
Plano Restaurante,Lisboa,933 404 461,4.6,https://www.planorestaurante.com/
Casa Portuguesa do Pastel de Bacalhau,Lisboa,21 164 8919,4.1,http://www.pasteldebacalhau.pt/
Fábrica Coffee Roasters,Lisboa,21 139 9261,4.5,http://www.fabricacoffeeroasters.com/
WISH Concept Store,Lisboa,21 393 3036,3.9,http://www.wish.com.pt/
Bettina Corallo,Lisboa,,4.8,https://www.bettinacorallo.com/
the mill,Lisboa,,4.6,http://themill.pt/
Pabe,Lisboa,21 353 5675,4.6,http://www.pabe.pt/
Bloom Coffee Room,Lisboa,,4.8,
A Cevicheria,Lisboa,21 803 8815,4.3,http://www.acevicheria.pt/
31 d'Armada,Lisboa,936 000 244,4.3,http://www.31darmada.pt/
Loco,Lisboa,21 395 1861,4.7,http://www.loco.pt/
Fifty Seconds,Lisboa,21 152 5380,4.8,https://www.fiftysecondsexperience.com/
Feitoria,Lisboa,21 040 0208,4.7,https://www.restaurantefeitoria.com/
Epur,Lisboa,21 346 0519,4.7,http://www.epur.pt/
Eleven,Lisboa,21 386 2211,4.4,http://www.restauranteleven.com/
Belcanto,Lisboa,21 342 0607,4.6,https://www.belcanto.pt/
Alma,Lisboa,21 347 0650,4.7,http://www.almalisboa.pt/
John's of Bleecker Street,New York,(212) 243-1680,4.6,https://johnsofbleecker.com/
Bleecker Street Pizza,New York,(212) 924-4466,4.5,https://bleeckerstreetpizza.com/
Don Pepi Pizza,New York,(212) 967-4385,3.8,
Joe's Pizza,Celeirós,253 693 425,4.4,https://www.facebook.com/joespizzaCeleiros
Fig & Olive,,020 7354 2605,4.2,http://www.figolive.co.uk/
Cecconi's West Hollywood,West Hollywood,(310) 432-2000,4.4,https://www.cecconiswesthollywood.com/?utm_source=google&utm_medium=organic&utm_campaign=googlemybusiness
PER ME - Giulio Terrinoni,Roma,06 687 7365,4.6,https://www.giulioterrinoni.it/
Supplizio,Roma,06 8987 1920,4.5,http://www.supplizioroma.it/
Pipero,Roma,06 6813 9022,4.5,http://www.piperoroma.it/
Le Coucou,New York,(212) 271-4252,4.5,https://www.lecoucou.com/?utm_source=Google%20My%20Business&utm_medium=Website%20Button
Manhatta,New York,(212) 230-5788,4.6,https://www.manhattarestaurant.com/?utm_source=GoogleBusinessProfile&utm_medium=Website&utm_campaign=MapLabs
Aroma Pizzaria,Lisboa,21 606 0975,4.2,https://www.aromapizzaria.com/
Primè,Milano,02 6556 0923,4.3,http://www.ristoranteprime.it/
The Savoy,,020 7836 4343,4.7,https://www.thesavoylondon.com/?utm_source=google&utm_medium=GMB?goto=fiche_hotel&code_hotel=A597&merchantid=seo-maps-GB-A597&sourceid=aw-cen&utm_medium=seo+maps&utm_source=google+Maps&utm_campaign=seo+maps&y_source=1_MTIzNjE0NDEtNzE1LWxvY2F0aW9uLndlYnNpdGU=
Copa Barrafina,Lisboa,,4.8,http://www.copabars.com/
The Mansion Restaurant,Dallas,(214) 443-4747,4.6,http://www.rosewoodhotels.com/en/mansiononturtlecreek/dining/the_mansion_restaurant/
Garden Balthazar Caffe,Lisboa,924 782 032,4.5,http://balthazarcaffe.pt/
Chotto Matte Soho,,020 7042 7171,4.2,https://www.chotto-matte.com/london-soho/
Spqr,Palma,971 28 66 07,1,
Rich Table,San Francisco,(415) 355-9085,4.7,http://richtablesf.com/
